{
    "Beijing": [116.405285, 39.904989],
    "Shanghai": [121.472644, 31.231706],
    "Hangzhou": [120.153576, 30.287459],
    "Nanjing": [118.796877, 32.060255],
    "Chengdu": [104.067923, 30.679943],
    "Chongqing": [106.551643, 29.562849],
    "Wuhan": [114.298572, 30.584355],
    "Xi'an": [108.940175, 34.341568],
    "Zhengzhou": [113.665412, 34.757975],
    "Changsha": [112.979353, 28.213478],
    "Hefei": [117.283042, 31.86119],
    "Fuzhou": [119.306239, 26.075302],
    "Jinan": [117.000923, 36.675807],
    "Shijiazhuang": [114.51486, 38.042307],
    "Taiyuan": [112.549248, 37.857014],
    "Lanzhou": [103.83417, 36.061089],
    "Kunming": [102.832891, 24.880095],
    "Lhasa": [91.140856, 29.645554],
    "Guiyang": [106.630154, 26.647661],
    "Nanning": [108.366543, 22.817002],
    "Haikou": [110.198293, 20.044001],
    "Taipei": [121.565170, 25.037798],
    "Hong Kong": [114.171994, 22.281089],
    "Macao": [113.549088, 22.198950],
    "Shenyang": [123.431475, 41.805698],
    "Changchun": [125.3245, 43.886841],
    "Harbin": [126.642464, 45.756967],
    "Xining": [101.778228, 36.617144],
    "Yinchuan": [106.230909, 38.487193],
    "Hohhot": [111.749181, 40.842585],
    "Urumqi": [87.617733, 43.792818],
    "Nanchang": [115.858198, 28.682892],
    "Taichung": [120.679882, 24.143171],
    "Kaohsiung": [120.311922, 22.620856],
    "Guilin": [110.299121, 25.274215],
    "Sanya": [109.511909, 18.252847],
    "Dalian": [121.614682, 38.914003],
    "Qingdao": [120.38264, 36.067082],
    "Xiamen": [118.103886, 24.489231],
    "Wuxi": [120.305456, 31.570037],
    "Suzhou": [120.585316, 31.298886],
    "Ningbo": [121.579006, 29.885259],
    "Changzhou": [119.981861, 31.771397],
    "Nantong": [120.873801, 32.014665],
    "Yangzhou": [119.412966, 32.39421],
    "Zhenjiang": [119.452753, 32.204402],
    "Taizhou": [119.919606, 32.476053],
    "Xuzhou": [117.188107, 34.271553],
    "Yancheng": [120.148872, 33.379862],
    "Huai'an": [119.015285, 33.610353],
    "Lianyungang": [119.173872, 34.601549],
    "Suqian": [118.275162, 33.963008],
    "Wuhu": [118.384108, 31.36602],
    "Bengbu": [117.363228, 32.939667],
    "Ma'anshan": [118.507906, 31.689362],
    "Huaibei": [116.794664, 33.971707],
    "Tongling": [117.816576, 30.929935],
    "Anqing": [117.043551, 30.50883],
    "Huangshan": [118.317325, 29.709239],
    "Chuzhou": [118.316264, 32.303627],
    "Fuyang": [115.819729, 32.896969],
    "Suzhouu": [116.964356, 33.646373],
    "Lu'an": [116.521854, 31.7337],
    "Bozhou": [115.787928, 33.871211],
    "Chizhou": [117.489157, 30.656037],
    "Xuancheng": [118.757995, 30.945667],
    "Huangshi": [115.050683, 30.216127],
    "Shiyani": [110.801229, 32.636994],
    "Yichang": [111.310981, 30.732758],
    "Xiangyang": [112.250093, 32.229169],
    "Jingzhou": [112.239741, 30.335165],
    "Jingmen": [112.21733, 31.042611],
    "Huanggang": [114.906618, 30.446109],
    "Xianning": [114.300061, 29.880657],
    "Suizhou": [113.379358, 31.717858],
    "Enshi": [109.517433, 30.308978],
    "Shiyan": [113.387448, 30.293966],
    "Tianmen": [113.165862, 30.653061],
    "Qianjiang": [112.768768, 30.343116],
    "Shennongjia": [110.671525, 31.744449],
    "Yueyang": [113.146196, 29.378007],
    "Changde": [111.691347, 29.040225],
    "Zhangjiajie": [110.479191, 29.117096],
    "Yiyang": [112.366547, 28.588088],
    "Chenzhou": [113.037704, 25.782264],
    "Yongzhou": [111.614648, 26.435972],
    "Huaihua": [109.97824, 27.550082],
    "Loudi": [112.008497, 27.728136],
    "Xiangxi": [109.739735, 28.314296],
    "Guangzhou": [113.280637, 23.125178],
    "Shenzhen": [114.057868, 22.543099],
    "Zhuhai": [113.576726, 22.270715],
    "Shantou": [116.681972, 23.354091],
    "Shaoguan": [113.597522, 24.810403],
    "Foshan": [113.121416, 23.021548],
    "Jiangmen": [113.081901, 22.578738],
    "Zhanjiang": [110.35894, 21.271339],
    "Maoming": [110.925456, 21.662999],
    "Zhaoqing": [112.472529, 23.051546],
    "Huizhou": [114.412599, 23.079404],
    "Meizhou": [116.117582, 24.299112],
    "Shanwei": [115.364238, 22.774485],
    "Heyuan": [114.697802, 23.746266],
    "Yangjiang": [111.975107, 21.859222],
    "Qingyuan": [113.051227, 23.685022],
    "Dongguan": [113.746262, 23.046237],
    "Zhongshan": [113.382391, 22.521113],
    "Chaozhou": [116.632301, 23.661701],
    "Jieyang": [116.355733, 23.543778],
    "Yunfu": [112.044439, 22.929801],
    "Liuzhou": [109.422402, 24.329053],
    "Wuzhou": [111.297604, 23.474803],
    "Beihai": [109.119927, 21.481254],
    "Fangchenggang": [108.345478, 21.614631],
    "Qinzhou": [108.624175, 21.967127],
    "Guigang": [109.602146, 23.0936],
    "Yulin": [110.154393, 22.63136],
    "Baise": [106.618201, 23.902333],
    "Hezhou": [111.552594, 24.411054],
    "Hechi": [108.062105, 24.695899],
    "Laibin": [109.229772, 23.733766],
    "Chongzuo": [107.353926, 22.404108]
}
